{
  "model_names": [
    "lr",
    "svc",
    "rf",
    "knn",
    "catboost",
    "lgbm",
    "xgb"
  ],
  "timestamp": 1748198479.2646723,
  "weights": [
    0.06674670882231783,
    0.0717108918274983,
    0.09070779256635611,
    0.26777656537375416,
    0.024715640127605368,
    0.24630938494732285,
    0.23203301633514534
  ]
}