{
  "model_names": [
    "lr",
    "svc",
    "rf",
    "knn",
    "catboost",
    "lgbm",
    "xgb"
  ],
  "timestamp": 1748072133.813058,
  "weights": [
    0.13885740722750683,
    0.09400746599475865,
    0.2542587889333016,
    0.17983237145000294,
    0.0916364875286135,
    0.03879143573446283,
    0.20261604313135348
  ]
}