{
  "model_names": [
    "lr",
    "svc",
    "rf",
    "knn",
    "catboost",
    "lgbm",
    "xgb"
  ],
  "timestamp": 1747964796.3050456,
  "weights": [
    0.031109345544877005,
    0.21072074853111777,
    0.17309607793542417,
    0.23802052381981872,
    0.1918683610602687,
    0.05166049017867976,
    0.10352445292981387
  ]
}