{
  "model_names": [
    "lr",
    "svc",
    "rf",
    "knn",
    "catboost",
    "lgbm",
    "xgb"
  ],
  "timestamp": 1748354261.461297,
  "weights": [
    0.2553587296520827,
    0.010335705706105022,
    0.17492479170856787,
    0.18651998869069542,
    0.13265369289429813,
    0.050559024281880076,
    0.18964806706637072
  ]
}