{
  "model_names": [
    "lr",
    "svc",
    "rf",
    "knn",
    "catboost",
    "lgbm",
    "xgb"
  ],
  "timestamp": 1748192439.9953487,
  "weights": [
    0.27129826290677167,
    0.1176220804646173,
    0.0820399595156522,
    0.1285805809643488,
    0.31527391563714907,
    0.059803505550859226,
    0.025381694960601844
  ]
}