{
  "model_names": [
    "lr",
    "svc",
    "rf",
    "knn",
    "catboost",
    "lgbm",
    "xgb"
  ],
  "timestamp": 1747935095.8538153,
  "weights": [
    0.1575732086610262,
    0.11405620645327329,
    0.10981202182591664,
    0.039302519558561226,
    0.212418024992998,
    0.11327967803561559,
    0.253558340472609
  ]
}