{
  "model_names": [
    "lr",
    "svc",
    "rf",
    "knn",
    "catboost",
    "lgbm",
    "xgb"
  ],
  "timestamp": 1747667990.514913,
  "weights": [
    0.21329890458667167,
    9.126803443642602e-05,
    0.13287578630263217,
    0.4278151441423987,
    0.09730995902444899,
    9.065991185837841e-05,
    0.12851827799755378
  ]
}