{
  "model_names": [
    "lr",
    "svc",
    "rf",
    "knn",
    "catboost",
    "lgbm",
    "xgb"
  ],
  "timestamp": 1747667991.5480473,
  "weights": [
    0.03330231807308292,
    0.136720797313254,
    0.15343860606205892,
    0.1945660585851634,
    0.1716967164533153,
    0.02971729420491835,
    0.2805582093082072
  ]
}