{
  "model_names": [
    "lr",
    "svc",
    "rf",
    "knn",
    "catboost",
    "lgbm",
    "xgb"
  ],
  "timestamp": 1748192441.0267842,
  "weights": [
    0.18787976040519755,
    0.13890777489196238,
    0.1362192754966169,
    0.2201357650722205,
    0.0015927461752858975,
    0.3148224900523232,
    0.0004421879063936689
  ]
}