{
  "model_names": [
    "lr",
    "svc",
    "rf",
    "knn",
    "catboost",
    "lgbm",
    "xgb"
  ],
  "timestamp": 1748200570.8888915,
  "weights": [
    0.11267258775812902,
    0.24339092227955386,
    0.3475549747500014,
    0.10512439235137176,
    0.1017371116811265,
    0.004887362798438358,
    0.084632648381379
  ]
}