{
  "model_names": [
    "lr",
    "svc",
    "rf",
    "knn",
    "catboost",
    "lgbm",
    "xgb"
  ],
  "timestamp": 1748071807.4538138,
  "weights": [
    0.08821409500124534,
    0.06152631531551381,
    0.25040794903262636,
    0.18601816807641264,
    1.1860235307931174e-06,
    0.2623032278654474,
    0.1515290586852236
  ]
}