{
  "model_names": [
    "lr",
    "svc",
    "rf",
    "knn",
    "catboost",
    "lgbm",
    "xgb"
  ],
  "timestamp": 1747843219.376821,
  "weights": [
    0.00011294198739911003,
    0.09532119496821799,
    0.25914464788445557,
    0.3325998673982933,
    0.13518578554658395,
    0.02817650791320733,
    0.14945905430184278
  ]
}