{
  "model_names": [
    "lr",
    "svc",
    "rf",
    "knn",
    "catboost",
    "lgbm",
    "xgb"
  ],
  "timestamp": 1748354262.955093,
  "weights": [
    0.29810285282300536,
    0.04713944764031699,
    0.027675568917240233,
    0.08993232575052207,
    0.0387947228671662,
    0.11386495314163604,
    0.3844901288601132
  ]
}