{
  "model_names": [
    "lr",
    "svc",
    "rf",
    "knn",
    "catboost",
    "lgbm",
    "xgb"
  ],
  "timestamp": 1747965122.995525,
  "weights": [
    0.1305184655543606,
    0.272962940916763,
    0.2442104742626312,
    0.10257944095909442,
    0.048935982929907834,
    0.11312555603153594,
    0.08766713934570691
  ]
}