{
  "model_names": [
    "lr",
    "svc",
    "rf",
    "knn",
    "catboost",
    "lgbm",
    "xgb"
  ],
  "timestamp": 1747843883.118606,
  "weights": [
    0.057324123281159614,
    0.05400908694439734,
    0.15190310843215443,
    0.2626752096503348,
    0.2408090924244039,
    0.07762009516191568,
    0.15565928410563434
  ]
}