{
  "model_names": [
    "lr",
    "svc",
    "rf",
    "knn",
    "catboost",
    "lgbm",
    "xgb"
  ],
  "timestamp": 1747936842.2294312,
  "weights": [
    0.07192363743700095,
    0.15917248245739019,
    0.11899021082446493,
    0.16711049663309652,
    0.1768192306600303,
    0.12094624724052619,
    0.18503769474749104
  ]
}